{
  "playwright.config.ts": 1776945588.254783,
  "eslint.config.js": 1776931306.0594883,
  "vite.config.ts": 1776931306.0938563,
  "graph/vis-network.min.js": 1776870709.8713505,
  "tests/e2e/smoke.spec.ts": 1776945588.2559202,
  "tests/e2e/install-smoke.spec.ts": 1776945588.2556963,
  "scripts/ingest-graph.ts": 1776945588.2550712,
  "service/app.py": 1776941246.1168652,
  "service/devui.py": 1776946637.3923726,
  "service/tools/req_checks.py": 1776940875.075213,
  "service/tools/keystones.py": 1776942250.8323326,
  "service/tools/sora_calculator.py": 1776940897.9317167,
  "service/tools/__init__.py": 1776940754.5760164,
  "service/tools/dtfea_pillars.py": 1776942426.026235,
  "service/tools/clause_search.py": 1776940927.48558,
  "service/tests/conftest.py": 1776941325.6958141,
  "service/tests/__init__.py": 1776941316.074132,
  "service/tests/test_binder_invariant.py": 1776941383.3873649,
  "service/tests/test_keystone_adversarials.py": 1776941368.66214,
  "service/tests/test_twin_sample.py": 1776941749.396311,
  "service/agents/baseline_configurator.py": 1776942198.5352476,
  "service/agents/regulatory_mapper.py": 1776942001.7573714,
  "service/agents/decision_drafter.py": 1776942019.6325104,
  "service/agents/ingest.py": 1776942204.511006,
  "service/agents/artefact_detector.py": 1776941992.133254,
  "service/agents/gap_analyser.py": 1776942013.1925979,
  "service/agents/__init__.py": 1776941578.9469144,
  "service/agents/operation_classifier.py": 1776941987.0192378,
  "service/agents/sora_evaluator.py": 1776942007.4019349,
  "service/agents/_llm.py": 1776940957.1280417,
  "service/agents/binder.py": 1776942025.6416106,
  "service/knowledge/__init__.py": 1776941260.1072874,
  "service/workflow/__init__.py": 1776941496.6368206,
  "service/workflow/schemas.py": 1776940737.6355956,
  "service/workflow/applicant_graph.py": 1776942148.8665926,
  "research/GLOSSARY.md": 1776933575.0317268,
  "research/README.md": 1776933575.0318036,
  "research/01-weapons-qualification-s3/README.md": 1776933575.0313768,
  "research/02-fragmentation-trials/README.md": 1776933575.0316355,
  "apk/JonathonAi.chatmode.md": 1752501428.0,
  "context/real-safety-cases/operational-safety-manual.md": 1776950044.0,
  "context/real-safety-cases/Management Procedure -  Unmanned Aircraft Systems (VS1.3 - Jun 18).md": 1776950044.0,
  "context/real-safety-cases/HS12-Use-of-Unmanned-Aircraft-Systems.md": 1776950044.0,
  "context/scotland-sample-case/scotland-sample-case.md": 1776932099.3161922,
  "context/sora-safety-case/sora-safety-case.txt": 1776934356.1283605,
  "context/bvlos-autonomous-swarms/USER_STORY_CAA_MAA_SWARM.md": 1776934279.0299141,
  "context/bvlos-autonomous-swarms/STRESS-Report.md": 1776870285.1967692,
  "context/naval-usv-perception/DeFOSPAM-Report.md": 1776858019.1194313,
  "context/naval-usv-perception/SBE-Report.md": 1776862117.7004833,
  "context/naval-usv-perception/IEEE830-SRS-Report.md": 1776860435.166885,
  "context/naval-usv-perception/SBE-Features/README.md": 1776862117.7212617,
  "graph/GRAPH_REPORT.md": 1776870211.4958842,
  "agents/journey.txt": 1776937843.8962724,
  "agents/output.md": 1776952104.6116476,
  "agents/run.md": 1776942593.06413,
  "agents/plan.md": 1776938167.1172822,
  "openrequirements/openperformance-report.md": 1776942171.452723,
  "openrequirements/openrequirements-srs-report.md": 1776945652.4867828,
  "openrequirements/INDEX.txt": 1776942809.640697,
  "openrequirements/openrequirements-vibe-report.md": 1776940938.692237,
  "openrequirements/openrequirements-report.md": 1776939289.4769194,
  "openrequirements/ANALYSIS-VALIDATION.txt": 1776942749.6258533,
  "openrequirements/sbe-report.md": 1776943804.3441715,
  "openrequirements/README.txt": 1776942782.0923147,
  "openrequirements/CHRIS-SUMMARY.txt": 1776942711.3082435,
  "openrequirements/ODIN-ANALYSIS-SUMMARY.txt": 1776944540.8510463,
  "openrequirements/features/README.md": 1776943552.1089737,
  "openperformance/openperformance-report.md": 1776942171.452723,
  "docs/windows-arm64.md": 1776945588.2532136,
  "opentesting/testing-templates-output/VERIFICATION.txt": 1776953637.464161,
  "opentesting/testing-templates-output/INDEX.txt": 1776953662.8503122,
  "opentesting/testing-templates-output/BATCH-MANIFEST.txt": 1776953612.7301884,
  "opentesting/testing-templates-output/MANIFEST.md": 1776953576.1002414,
  "opentesting/testing-templates-output/SUMMARY.txt": 1776953602.710707,
  "opentesting/testing-templates-output/README.txt": 1776952952.22682,
  "opentesting/testing-plan-output/testing-plan-report.md": 1776949649.7686357,
  "opentesting/testing-management-output/MATURITY_SUMMARY.txt": 1776954358.5949585,
  "opentesting/testing-management-output/testing-management-report.md": 1776955085.6843245,
  "opentesting/testing-management-output/MANIFEST.txt": 1776954658.4995322,
  "opentesting/testing-management-output/EXECUTIVE_SUMMARY.txt": 1776954574.4936683,
  "opentesting/testing-management-output/COMPLIANCE_ASSESSMENT_SUMMARY.txt": 1776954523.2257142,
  "opentesting/testing-management-output/README.txt": 1776954615.5282989,
  "opentesting/testing-reporting-output/testing-reporting-report.md": 1776955562.3554745,
  "opentesting/testing-reporting-output/MANIFEST.txt": 1776955369.191585,
  "opentesting/testing-reporting-output/REPORTING-MANIFEST.txt": 1776955448.4657004,
  "opentesting/testing-coverage-output/testing-coverage-report.md": 1776952225.730735,
  "opentesting/testing-create-output/CREATES_SUMMARY.txt": 1776950285.4618618,
  "opentesting/testing-create-output/testing-create-report.md": 1776950388.7735047,
  "opentesting/testing-design-output/SCOPE_SUMMARY.txt": 1776947271.6740649,
  "opentesting/testing-design-output/testing-design-report.md": 1776948000.4671643,
  "opentesting/testing-design-output/INDEX.txt": 1776947375.2293317,
  "opentesting/testing-design-output/README.md": 1776947336.443466,
  "opentesting/testing-design-output/METRICS.txt": 1776947306.439984,
  "service/knowledge/clause_library/README.md": 1776941302.138577,
  "context/incident-safety-cases/UAS_Malloy_Aeronautics_T150_Safety_Recommendation_Document.pdf": 1776957440.8944278,
  "context/incident-safety-cases/Alauda_Airspeeder_Mk_II_UAS_reg_na_03-21.pdf": 1776957440.887698,
  "context/incident-safety-cases/Alauda_Airspeeder_Mk_II_Safety_Recommendation_Document.pdf": 1776957440.856329,
  "context/incident-safety-cases/Malloy_Aeronautics_T150_10-24.pdf": 1776957440.8933623,
  "opentesting/testing-templates-output/exploratory-charter.pdf": 1776953533.9276016
}